<?xml version="1.0" encoding="UTF-8"?>
<refentry version="5.0-subset Scilab" xml:id="btkClearEvents" xml:lang="en"
          xmlns="http://docbook.org/ns/docbook"
          xmlns:xlink="http://www.w3.org/1999/xlink"
          xmlns:svg="http://www.w3.org/2000/svg"
          xmlns:ns3="http://www.w3.org/1999/xhtml"
          xmlns:mml="http://www.w3.org/1998/Math/MathML"
          xmlns:db="http://docbook.org/ns/docbook">
  <info>
    <pubdate>$LastChangedDate$</pubdate>
  </info>
  <refnamediv>
    <refname>btkClearAnalogs</refname>
    <refpurpose>Clear acquisition's analog channels</refpurpose>
  </refnamediv>
  <refsynopsisdiv>
    <title>Calling Sequence</title>
    <synopsis>btkClearAnalogs(h)</synopsis>
  </refsynopsisdiv>
  <refsection>
    <title>Parameters</title>
    <variablelist>
      <varlistentry>
        <term>h</term>
        <listitem><para>The handle used to represent an acquisition.</para></listitem>
      </varlistentry>
    </variablelist>
  </refsection>
  <refsection>
    <title>Description</title>
    <para>Remove the analog channels of the acquisition</para>
    <para> Use functions <link linkend="btkAppendAnalog">btkAppendAnalog</link> and <link linkend="btkRemoveAnalog">btkRemoveAnalog</link> to set acquisition's analog channels</para>
    <para>The acquisition is represented by the handle <literal>h</literal>. This handle is obtained by the use of a btk* function.</para>
  </refsection>
  <refsection>
    <title>Examples</title>
    <programlisting role="example">btkClearAnalogs(h)</programlisting>
  </refsection>
  <refsection>
    <title>See Also</title>
    <simplelist type="inline">
      <member>
        <link linkend="btkAppendEvent">btkAppendAnalog</link>
      </member>
      <member>
        <link linkend="btkRemoveEvent">btkRemoveAnalog</link>
      </member>
    </simplelist>
  </refsection>
</refentry>
