<?xml version="1.0" encoding="UTF-8"?>
<refentry version="5.0-subset Scilab" xml:id="btkDeleteAcquisition" xml:lang="en"
          xmlns="http://docbook.org/ns/docbook"
          xmlns:xlink="http://www.w3.org/1999/xlink"
          xmlns:svg="http://www.w3.org/2000/svg"
          xmlns:ns3="http://www.w3.org/1999/xhtml"
          xmlns:mml="http://www.w3.org/1998/Math/MathML"
          xmlns:db="http://docbook.org/ns/docbook">
  <info>
    <pubdate>$LastChangedDate$</pubdate>
  </info>
  <refnamediv>
    <refname>btkDeleteAcquisition</refname>
    <refpurpose>Delete the acquisiton associated to the handle.</refpurpose>
  </refnamediv>
  <refsynopsisdiv>
    <title>Calling Sequence</title>
    <synopsis>
btkDeleteAcquisition(h)</synopsis>
  </refsynopsisdiv>
  <refsection>
    <title>Parameters</title>
    <variablelist>
      <varlistentry>
        <term>h</term>
        <listitem><para>The handle used to represent an acquisition.</para></listitem>
      </varlistentry>
    </variablelist>
  </refsection>
  <refsection>
    <title>Description</title>
    <para>Delete the acquisitions associated to the handle and erase the memory allocated to the acquisition.</para>
    <para> NOTE: This function is generally not necessary as Scilab uses a garbage collector to free the memory automatically. However, when you launch a batch and need to extract some parameters from many acquisitions, it is advised to use this function.
For example:
<literal>
% files: array of cells containing 500 filenames.
for i = 1:length
  acq = btkReadAcquisiton(files{i});
  outcome = computeOutcome(outcome, acq);
  btkDeleteAcquisition(acq);
end
</literal></para>
    <para>The acquistion is represented by the handle H, obtained by the use of a btk* functions.</para>
  </refsection>
  <refsection>
    <title>Examples</title>
    <programlisting role="example">
btkDeleteAcquisition(h)</programlisting>
  </refsection>
  <refsection>
    <title>See Also</title>
    <simplelist type="inline">
      <member>
        <link linkend="btkNewAcquisition">btkNewAcquisition</link>
      </member>
    </simplelist>
  </refsection>
</refentry>
