<?xml version="1.0" encoding="UTF-8"?>
<refentry version="5.0-subset Scilab" xml:id="btkGetGroundReactionWrenches" xml:lang="en"
          xmlns="http://docbook.org/ns/docbook"
          xmlns:xlink="http://www.w3.org/1999/xlink"
          xmlns:svg="http://www.w3.org/2000/svg"
          xmlns:ns3="http://www.w3.org/1999/xhtml"
          xmlns:mml="http://www.w3.org/1998/Math/MathML"
          xmlns:db="http://docbook.org/ns/docbook">
  <info>
    <pubdate>$LastChangedDate$</pubdate>
  </info>
  <refnamediv>
    <refname>btkGetGroundReactionWrenches</refname>
    <refpurpose>Extract ground reaction wrenches (GRW) in the global frame</refpurpose>
  </refnamediv>
  <refsynopsisdiv>
    <title>Calling Sequence</title>
    <synopsis>grw = btkGetGroundReactionWrenches(h)
grw = btkGetGroundReactionWrenches(h, threshold)
</synopsis>
  </refsynopsisdiv>
  <refsection>
    <title>Parameters</title>
    <variablelist>
      <varlistentry>
        <term>h</term>
        <listitem><para>The handle used to represent an acquisition.</para></listitem>
      </varlistentry>
      <varlistentry>
        <term>threshold</term>
        <listitem><para>Value in newton used to suppress PWA computed with a Fz value lower or equal than it (set the coordinate values to (0,0,0)).</para></listitem>
      </varlistentry>
    </variablelist>
  </refsection>
  <refsection>
    <title>Description</title>
    <para>Return a structure of wrenches computed from force platform data. The structure of the output argument <literal>grw</literal> is a row structure where each row contains data for one wrench.  The fieldnames for each row are:
<itemizedlist>
  <listitem>grw(i).P</listitem>
  <listitem>grw(i).F</listitem>
  <listitem>grw(i).M</listitem>
</itemizedlist>
The field <literal>P</literal> is a matrix <literal>(n,3)</literal> where <literal>n</literal> is the number of frames and contains the positions of the wrench in the global frame. The field <literal>F</literal> is a matrix <literal>(n,3)</literal> which contains wrench's forces in the global frame. The field <literal>M</literal> is matrix <literal>(n,3)</literal> which contains wrench's moments in the global frame.</para>
    <para>The acquisition is represented by the handle <literal>h</literal>. This handle is obtained  by the use of a btk* function.</para>
  </refsection>
  <refsection>
    <title>Examples</title>
    <programlisting role="example">grw = btkGetGroundReactionWrenches(h)
grw = btkGetGroundReactionWrenches(h, 5)</programlisting>
  </refsection>
</refentry>
