<?xml version="1.0" encoding="UTF-8"?>
<refentry version="5.0-subset Scilab" xml:id="btkGetPowers" xml:lang="en"
          xmlns="http://docbook.org/ns/docbook"
          xmlns:xlink="http://www.w3.org/1999/xlink"
          xmlns:svg="http://www.w3.org/2000/svg"
          xmlns:ns3="http://www.w3.org/1999/xhtml"
          xmlns:mml="http://www.w3.org/1998/Math/MathML"
          xmlns:db="http://docbook.org/ns/docbook">
  <info>
    <pubdate>$LastChangedDate$</pubdate>
  </info>
  <refnamediv>
    <refname>btkGetPowers</refname>
    <refpurpose>Extract powers from a biomechanical acquisition</refpurpose>
  </refnamediv>
  <refsynopsisdiv>
    <title>Calling Sequence</title>
    <synopsis>btkGetPowers(h)
powers = btkGetPowers(h)
[powers, powersInfo] = btkGetPowers(h)</synopsis>
  </refsynopsisdiv>
  <refsection>
    <title>Parameters</title>
    <variablelist>
      <varlistentry>
        <term>h</term>
        <listitem><para>The handle used to represent an acquisition.</para></listitem>
      </varlistentry>
    </variablelist>
  </refsection>
  <refsection>
    <title>Description</title>
    <para>Return a structure of powers.</para>
    <para>Each fieldname in the output argument <literal>powers</literal> corresponds to a power's label.</para>
    <para>The output argument <literal>powersInfo</literal> is composed of the following fieldname:
    <itemizedlist>
      <listitem><literal>frequency</literal>: powers' frequency ;</listitem>
      <listitem><literal>units</literal>: unit of each power.</listitem>
    </itemizedlist>
    </para>
    <para>The acquisition is represented by the handle <literal>h</literal>. This handle is obtained  by the use of a btk* function.</para>
  </refsection>
  <refsection>
    <title>Examples</title>
    <programlisting role="example">[powers, powersInfo] = btkGetPowers(h)</programlisting>
  </refsection>
  <refsection>
    <title>See Also</title>
    <simplelist type="inline">
      <member>
        <link linkend="btkGetAnalogs">btkGetAnalogs</link>
      </member>
      <member>
        <link linkend="btkGetAngles">btkGetAngles</link>
      </member>
      <member>
        <link linkend="btkGetForces">btkGetForces</link>
      </member>
      <member>
        <link linkend="btkGetMarkers">btkGetMarkers</link>
      </member>
      <member>
        <link linkend="btkGetPoints">btkGetPoints</link>
      </member>
      <member>
        <link linkend="btkGetScalars">btkGetScalars</link>
      </member>
    </simplelist>
  </refsection>
</refentry>
