<?xml version="1.0" encoding="UTF-8"?>
<refentry version="5.0-subset Scilab" xml:id="btkGetAnalogsValues" xml:lang="en"
          xmlns="http://docbook.org/ns/docbook"
          xmlns:xlink="http://www.w3.org/1999/xlink"
          xmlns:svg="http://www.w3.org/2000/svg"
          xmlns:ns3="http://www.w3.org/1999/xhtml"
          xmlns:mml="http://www.w3.org/1998/Math/MathML"
          xmlns:db="http://docbook.org/ns/docbook">
  <info>
    <pubdate>$LastChangedDate$</pubdate>
  </info>
  <refnamediv>
    <refname>btkGetAnalogsValues</refname>
    <refpurpose>Extract analog channels' values and store them in a matrix.</refpurpose>
  </refnamediv>
  <refsynopsisdiv>
    <title>Calling Sequence</title>
    <synopsis>av = btkGetAnalogsValues(h)</synopsis>
  </refsynopsisdiv>
  <refsection>
    <title>Parameters</title>
    <variablelist>
      <varlistentry>
        <term>h</term>
        <listitem><para>The handle used to represent an acquisition</para></listitem>
      </varlistentry>
    </variablelist>
  </refsection>
  <refsection>
    <title>Description</title>
    <para>Return a matrix of real. The number of rows of this matrix corresponds to the number of analog's frame. The number of columns of this matrix corresponds to the number of analog channels.</para>
    <para>The acquisition is represented by the handle <literal>h</literal>. This handle is obtained  by the use of a btk* function.</para>
  </refsection>
  <refsection>
    <title>Examples</title>
    <programlisting role="example">[analogs, analogsInfo] = btkGetAnalogs(h)</programlisting>
  </refsection>
  <refsection>
    <title>See Also</title>
    <simplelist type="inline">
      <member>
        <link linkend="btkGetAnglesValues">btkGetAnglesValues</link>
      </member>
      <member>
        <link linkend="btkGetForcesValues">btkGetForcesValues</link>
      </member>
      <member>
        <link linkend="btkGetMarkersValues">btkGetMarkersValues</link>
      </member>
      <member>
        <link linkend="btkGetMomentsValues">btkGetMomentsValues</link>
      </member>
      <member>
        <link linkend="btkGetPowersValues">btkGetPowersValues</link>
      </member>
      <member>
        <link linkend="btkGetScalarsValues">btkGetScalarsValues</link>
      </member>
    </simplelist>
  </refsection>
</refentry>
