<?xml version="1.0" encoding="UTF-8"?>
<refentry version="5.0-subset Scilab" xml:id="btkReadAcquisition" xml:lang="en"
          xmlns="http://docbook.org/ns/docbook"
          xmlns:xlink="http://www.w3.org/1999/xlink"
          xmlns:svg="http://www.w3.org/2000/svg"
          xmlns:ns3="http://www.w3.org/1999/xhtml"
          xmlns:mml="http://www.w3.org/1998/Math/MathML"
          xmlns:db="http://docbook.org/ns/docbook">
  <info>
    <pubdate>$LastChangedDate$</pubdate>
  </info>
  <refnamediv>
    <refname>btkReadAcquisition</refname>
    <refpurpose>Read an acquisition's file (C3D, TRC, ...)</refpurpose>
  </refnamediv>
  <refsynopsisdiv>
    <title>Calling Sequence</title>
    <synopsis>h = btkReadAcquisition(filename)</synopsis>
  </refsynopsisdiv>
  <refsection>
    <title>Parameters</title>
    <variablelist>
      <varlistentry>
        <term>filename</term>
        <listitem><para>Non empty string containing the path of the acquisition to read.</para></listitem>
      </varlistentry>
    </variablelist>
  </refsection>
  <refsection>
    <title>Description</title>
    <para>Read an acquisition stored in the file <literal>filename</literal> and return the handle <literal>h</literal> associated it.</para>
    <para>This handle is returned as a double and can be only used with the btk* function.</para>
  </refsection>
  <refsection>
    <title>Examples</title>
    <programlisting role="example">h = btkReadAcquisition('filename.c3d')</programlisting>
  </refsection>
  <refsection>
    <title>See Also</title>
    <simplelist type="inline">
      <member>
        <link linkend="btkWriteAcquisition">btkWriteAcquisition</link>
      </member>
    </simplelist>
  </refsection>
</refentry>
