<?xml version="1.0" encoding="UTF-8"?>
<refentry version="5.0-subset Scilab" xml:id="btkSetAnalogScale" xml:lang="en"
          xmlns="http://docbook.org/ns/docbook"
          xmlns:xlink="http://www.w3.org/1999/xlink"
          xmlns:svg="http://www.w3.org/2000/svg"
          xmlns:ns3="http://www.w3.org/1999/xhtml"
          xmlns:mml="http://www.w3.org/1998/Math/MathML"
          xmlns:db="http://docbook.org/ns/docbook">
  <info>
    <pubdate>$LastChangedDate$</pubdate>
  </info>
  <refnamediv>
    <refname>btkSetAnalogScale</refname>
    <refpurpose>Modify the analog scale of the selected analog channel</refpurpose>
  </refnamediv>
  <refsynopsisdiv>
    <title>Calling Sequence</title>
    <synopsis>btkSetAnalogScale(h, index, scale)
analogs = btkSetAnalogScale(h, index, scale)
[analogs, analogsInfo] = btkSetAnalogScale(h, index, scale)
btkSetAnalogScale(h, label, scale)
analogs = btkSetAnalogScale(h, label, scale)
[analogs, analogsInfo] = btkSetAnalogScale(h, label, scale)</synopsis>
  </refsynopsisdiv>
  <refsection>
    <title>Parameters</title>
    <variablelist>
      <varlistentry>
        <term>h</term>
        <listitem><para>The handle used to represent an acquisition.</para></listitem>
      </varlistentry>
      <varlistentry>
        <term>index</term>
        <listitem><para>The index of the analog channel (start from the value 1)</para></listitem>
      </varlistentry>
      <varlistentry>
        <term>label</term>
        <listitem><para>A non empty string to represent the label of the analog channel.</para></listitem>
      </varlistentry>
      <varlistentry>
        <term>scale</term>
        <listitem><para>A single real value containing the new scale factor value.</para></listitem>
      </varlistentry>
    </variablelist>
  </refsection>
  <refsection>
    <title>Description</title>
    <para>Modify the scale factor of the selected analog channel. This scale factor is used to convert numeric data into analog data or vice versa.</para>
    <para>The format of the outputs <literal>analogs</literal> and <literal>analogsInfo</literal> are structures presented in details in the function <link linkend="btkGetAnalogs">btkGetAnalogs</link>.</para>
    <para>The acquisition is represented by the handle <literal>h</literal>. This handle is obtained  by the use of a btk* function.</para>
  </refsection>
  <refsection>
    <title>Examples</title>
    <programlisting role="example">btkSetAnalogScale(h, 1, -0.1)</programlisting>
    <programlisting role="example">btkSetAnalogScale(h, 'FX1', 0.083333)</programlisting>
  </refsection>
  <refsection>
    <title>See Also</title>
    <simplelist type="inline">
      <member>
        <link linkend="btkSetAnalogDescription">btkSetAnalogDescription</link>
      </member>
      <member>
        <link linkend="btkSetAnalogGain">btkSetAnalogGain</link>
      </member>
      <member>
        <link linkend="btkSetAnalogLabel">btkSetAnalogLabel</link>
      </member>
      <member>
        <link linkend="btkSetAnalogOffset">btkSetAnalogOffset</link>
      </member>
    </simplelist>
  </refsection>
</refentry>
