<?xml version="1.0" encoding="UTF-8"?>
<refentry version="5.0-subset Scilab" xml:id="btkSetFirstFrame" xml:lang="en"
          xmlns="http://docbook.org/ns/docbook"
          xmlns:xlink="http://www.w3.org/1999/xlink"
          xmlns:svg="http://www.w3.org/2000/svg"
          xmlns:ns3="http://www.w3.org/1999/xhtml"
          xmlns:mml="http://www.w3.org/1998/Math/MathML"
          xmlns:db="http://docbook.org/ns/docbook">
  <info>
    <pubdate>$LastChangedDate$</pubdate>
  </info>
  <refnamediv>
    <refname>btkSetFirstFrame</refname>
    <refpurpose>Set acquisition's first frame index</refpurpose>
  </refnamediv>
  <refsynopsisdiv>
    <title>Calling Sequence</title>
    <synopsis>btkSetFirstFrame(h, ff)</synopsis>
  </refsynopsisdiv>
  <refsection>
    <title>Parameters</title>
    <variablelist>
      <varlistentry>
        <term>h</term>
        <listitem><para>The handle used to represent an acquisition.</para></listitem>
      </varlistentry>
      <varlistentry>
        <term>ff</term>
        <listitem><para>Single integer value.</para></listitem>
      </varlistentry>
    </variablelist>
  </refsection>
  <refsection>
    <title>Description</title>
    <para>Replace the first frame index by the content of <literal>ff</literal>.</para>
    <para>The acquisition is represented by the handle <literal>h</literal>. This handle is obtained  by the use of a btk* function.</para>
  </refsection>
  <refsection>
    <title>Examples</title>
    <programlisting role="example">btkSetFirstFrame(h, 511)</programlisting>
  </refsection>
  <refsection>
    <title>See Also</title>
    <simplelist type="inline">
      <member>
        <link linkend="btkGetFirstFrame">btkGetFirstFrame</link>
      </member>
    </simplelist>
  </refsection>
</refentry>
