<?xml version="1.0" encoding="UTF-8"?>
<refentry version="5.0-subset Scilab" xml:id="btkSetMarkersValues" xml:lang="en"
          xmlns="http://docbook.org/ns/docbook"
          xmlns:xlink="http://www.w3.org/1999/xlink"
          xmlns:svg="http://www.w3.org/2000/svg"
          xmlns:ns3="http://www.w3.org/1999/xhtml"
          xmlns:mml="http://www.w3.org/1998/Math/MathML"
          xmlns:db="http://docbook.org/ns/docbook">
  <info>
    <pubdate>$LastChangedDate$</pubdate>
  </info>
  <refnamediv>
    <refname>btkSetMarkersValues</refname>
    <refpurpose>Sets markers' values from a matrix.</refpurpose>
  </refnamediv>
  <refsynopsisdiv>
    <title>Calling Sequence</title>
    <synopsis>btkSetMarkersValues(h, v)</synopsis>
  </refsynopsisdiv>
  <refsection>
    <title>Parameters</title>
    <variablelist>
      <varlistentry>
        <term>h</term>
        <listitem><para>The handle used to represent an acquisition</para></listitem>
      </varlistentry>
      <varlistentry>
        <term>v</term>
        <listitem><para>Matrix of reals with the exact number of markers and frames.</para></listitem>
      </varlistentry>
    </variablelist>
  </refsection>
  <refsection>
    <title>Description</title>
    <para>Sets markers' values from a matrix.</para>
    <para>The acquisition is represented by the handle <literal>h</literal>. This handle is obtained  by the use of a btk* function.</para>
  </refsection>
  <refsection>
    <title>Examples</title>
    <programlisting role="example">btkSetMarkersValues(h, zeros(10, 1000))</programlisting>
  </refsection>
  <refsection>
    <title>See Also</title>
    <simplelist type="inline">
      <member>
        <link linkend="btkSetAnalogsValues">btkSetAnalogsValues</link>
      </member>
      <member>
        <link linkend="btkSetAnglesValues">btkSetAnglesValues</link>
      </member>
      <member>
        <link linkend="btkSetForcesValues">btkSetForcesValues</link>
      </member>
      <member>
        <link linkend="btkSetMomentsValues">btkSetMomentsValues</link>
      </member>
      <member>
        <link linkend="btkSetPowersValues">btkSetPowersValues</link>
      </member>
      <member>
        <link linkend="btkSetScalarsValues">btkSetScalarsValues</link>
      </member>
    </simplelist>
  </refsection>
</refentry>
