<?xml version="1.0" encoding="UTF-8"?>
<refentry version="5.0-subset Scilab" xml:id="btkSetPoint" xml:lang="en"
          xmlns="http://docbook.org/ns/docbook"
          xmlns:xlink="http://www.w3.org/1999/xlink"
          xmlns:svg="http://www.w3.org/2000/svg"
          xmlns:ns3="http://www.w3.org/1999/xhtml"
          xmlns:mml="http://www.w3.org/1998/Math/MathML"
          xmlns:db="http://docbook.org/ns/docbook">
  <info>
    <pubdate>$LastChangedDate$</pubdate>
  </info>
  <refnamediv>
    <refname>btkSetPoint</refname>
    <refpurpose>Sets moments' values from a matrix.</refpurpose>
  </refnamediv>
  <refsynopsisdiv>
    <title>Calling Sequence</title>
    <synopsis>btkSetPoint(h, index, values, [residuals, [description]])
btkSetPoint(h, label, values, [residuals, [description]])
points = btkSetPoint(h, index, values, [residuals, [description]])
points = btkSetPoint(h, label, values, [residuals, [description]])
[points, pointsInfo] = btkSetPoint(h, index, values, [residuals, [description]])
[points, pointsInfo] = btkSetPoint(h, label, values, [residuals, [description]])</synopsis>
  </refsynopsisdiv>
  <refsection>
    <title>Parameters</title>
    <variablelist>
      <varlistentry>
        <term>h</term>
        <listitem><para>The handle used to represent an acquisition.</para></listitem>
      </varlistentry>
      <varlistentry>
        <term>index</term>
        <listitem><para>The index of the point (start from 1).</para></listitem>
      </varlistentry>
      <varlistentry>
        <term>label</term>
        <listitem><para>A non empty string representing the label of the selected point.</para></listitem>
      </varlistentry>
      <varlistentry>
        <term>values</term>
        <listitem><para>Point's values corresponding to a matrix <literal>(n,3)</literal> where <literal>n</literal> corresponds to the number of frames in the acquisition</para></listitem>
      </varlistentry>
      <varlistentry>
        <term>residual</term>
        <listitem><para>Residuals of the 3D reconstruction of markers containing in a matrix <literal>(n,1)</literal>. Note: This parameter is an informational parameter and seems not used in some commercial softwares.</para></listitem>
      </varlistentry>
      <varlistentry>
        <term>description</term>
        <listitem><para>A string containing the description of the point.</para></listitem>
      </varlistentry>
    </variablelist>
  </refsection>
  <refsection>
    <title>Description</title>
    <para>Modify point's data.</para>
    <para>The format of the outputs <literal>points</literal> and <literal>pointsInfo</literal> are structures presented in details in the function <link linkend="btkGetPoints">btkGetPoints</link>.</para>
    <para>The acquisition is represented by the handle <literal>h</literal>. This handle is obtained  by the use of a btk* function.</para>
  </refsection>
  <refsection>
    <title>Examples</title>
    <programlisting role="example">btkSetMomentsValues(h, zeros(10, 1000))</programlisting>
  </refsection>
  <refsection>
    <title>See Also</title>
    <simplelist type="inline">
      <member>
        <link linkend="btkGetPoints">btkGetPoints</link>
      </member>
    </simplelist>
  </refsection>
</refentry>
